{
  "best_model": "Ridge",
  "best_cv_rmse": "Ridge",
  "target": "TotalSpent (raw dollars)",
  "models": {
    "LinearRegression": {
      "cv_rmse_mean": 17.57456689347169,
      "cv_rmse_std": 0.767048866245581,
      "test_rmse": 17.984039474594837,
      "test_mae": 14.04038435286288,
      "test_r2": -0.02043042114375737
    },
    "Ridge": {
      "cv_rmse_mean": 17.518201248714682,
      "cv_rmse_std": 0.7620595271843238,
      "test_rmse": 17.881110463059947,
      "test_mae": 13.945007289725552,
      "test_r2": -0.008783279530599097
    },
    "Lasso": {
      "cv_rmse_mean": 17.569294327866203,
      "cv_rmse_std": 0.7699364656784173,
      "test_rmse": 17.95225115706826,
      "test_mae": 13.999800463974616,
      "test_r2": -0.01682621442110599
    },
    "RandomForest": {
      "cv_rmse_mean": 18.51486608187493,
      "cv_rmse_std": 0.7333565064225436,
      "test_rmse": 19.488738246724697,
      "test_mae": 15.227996500000001,
      "test_r2": -0.19832976921544931
    },
    "XGBoost": {
      "cv_rmse_mean": 18.061593671893842,
      "cv_rmse_std": 0.7013160441189121,
      "test_rmse": 18.21272246550052,
      "test_mae": 14.407280368804932,
      "test_r2": -0.04654677162445919
    }
  }
}